Humber River-Black Creek,2019
York Centre,2019
Willowdale,2019
University-Rosedale,2019
Beaches-East York,2019
Scarborough Southwest,2019
Scarborough-Rouge Park,2019
Scarborough North,2019
Scarborough-Guildwood,2019
Scarborough Centre,2019
Scarborough-Agincourt,2019
Don Valley West,2019
Toronto-St. Paul's,2019
Parkdale-High Park,2019
Etobicoke North,2019
Etobicoke-Lakeshore,2019
Etobicoke Centre,2019
Eglinton-Lawrence,2019
Don Valley North,2019
Don Valley East,2019
Davenport,2019
Toronto Centre,2019
York South-Weston,2019
Toronto-Danforth,2019
Spadina-Fort York,2019
Humber River-Black Creek,2020
York Centre,2020
Willowdale,2020
University-Rosedale,2020
Beaches-East York,2020
Scarborough Southwest,2020
Scarborough-Rouge Park,2020
Scarborough North,2020
Scarborough-Guildwood,2020
Scarborough Centre,2020
Scarborough-Agincourt,2020
Don Valley West,2020
Toronto-St. Paul's,2020
Parkdale-High Park,2020
Etobicoke North,2020
Etobicoke-Lakeshore,2020
Etobicoke Centre,2020
Eglinton-Lawrence,2020
Don Valley North,2020
Don Valley East,2020
Davenport,2020
Toronto Centre,2020
York South-Weston,2020
Toronto-Danforth,2020
Spadina-Fort York,2020
Humber River-Black Creek,2021
York Centre,2021
Willowdale,2021
University-Rosedale,2021
Beaches-East York,2021
Scarborough Southwest,2021
Scarborough-Rouge Park,2021
Scarborough North,2021
Scarborough-Guildwood,2021
Scarborough Centre,2021
Scarborough-Agincourt,2021
Don Valley West,2021
Toronto-St. Paul's,2021
Parkdale-High Park,2021
Etobicoke North,2021
Etobicoke-Lakeshore,2021
Etobicoke Centre,2021
Eglinton-Lawrence,2021
Don Valley North,2021
Don Valley East,2021
Davenport,2021
Toronto Centre,2021
York South-Weston,2021
Toronto-Danforth,2021
Spadina-Fort York,2021
